training_size,num_node,test_error
32,11,0.20741150442477874
128,21,0.09402654867256632
512,37,0.06194690265486724
2048,93,0.025995575221238965
8192,233,0.011615044247787587
