training_size,num_node,test_error
32,9,0.201881
128,9,0.087942
512,33,0.060841
2048,63,0.032633
8192,135,0.014934
